id,plan_id,title,why_this_matters,what_you_can_do,display_order
n0000000-0000-4000-a000-000000000001,a0000000-0000-4000-a000-000000000001,Open Your Heart,Vulnerability is the foundation of genuine connection. When you allow yourself to be seen you invite the love your heart line says you are capable of giving and receiving.,Journal for 10 minutes about your ideal relationship then share one genuine feeling with someone you trust before the end of today.,1
n0000000-0000-4000-a000-000000000002,a0000000-0000-4000-a000-000000000001,Communicate Authentically,Clear and honest communication prevents the misunderstandings that erode trust over time. Your head line shows you have the capacity for precise self-expression.,Identify one conversation you have been avoiding. In your next interaction practise reflecting back what you hear before you respond.,2
n0000000-0000-4000-a000-000000000003,a0000000-0000-4000-a000-000000000001,Nurture the Connection,Relationships do not maintain themselves. They need consistent intentional care to stay vibrant. Your Venus mount reveals you have deep reserves of warmth to offer.,Plan one quality-time activity with your partner this week. Express one specific thing you genuinely appreciate about them.,3
n0000000-0000-4000-a000-000000000004,a0000000-0000-4000-a000-000000000002,Understand Your Differences,Compatibility is not about being identical. It is about understanding and respecting what makes each of you unique. Your cross-palm reading reveals exactly where those differences lie.,List three key differences between you and your partner. Discuss each one with curiosity instead of judgement.,1
n0000000-0000-4000-a000-000000000005,a0000000-0000-4000-a000-000000000002,Build a Shared Language,Couples with the strongest bonds develop their own shorthand. This shared language deepens intimacy and builds a unique partnership identity.,Create a list of words that describe your ideal relationship and share it with your partner. Identify three shared values and write them somewhere visible.,2
n0000000-0000-4000-a000-000000000006,a0000000-0000-4000-a000-000000000002,Create Lasting Rituals,Rituals transform ordinary moments into meaningful anchors for your relationship. They create safety and a sense of belonging that strengthens your bond over time.,Brainstorm three simple weekly rituals you could do together. Commit to one ritual and schedule it into your calendar this week.,3
n0000000-0000-4000-a000-000000000007,a0000000-0000-4000-a000-000000000003,Audit Your Financial Habits,You cannot change what you do not understand. Your fate line shows a strong capacity for financial discipline but first you need an honest picture of where your money goes.,Review the last 30 days of your spending and categorise each expense. Identify three patterns you want to change and write down why each change matters.,1
n0000000-0000-4000-a000-000000000008,a0000000-0000-4000-a000-000000000003,Set Intentional Money Goals,Goals without timelines are just wishes. Your Jupiter mount indicates strong ambition. Channel that energy into specific time-bound financial targets.,Write one financial goal for each horizon: 1 month 6 months and 1 year. Break the 1-month goal into four weekly milestones.,2
n0000000-0000-4000-a000-000000000009,a0000000-0000-4000-a000-000000000003,Build Your Wealth Foundation,Wealth is built through consistent systems not occasional effort. Your head line shows practical intelligence that can compound small habits into significant results.,Set up an automatic savings transfer however small. Research one passive income stream aligned with a skill you already have.,3
n0000000-0000-4000-a000-000000000010,a0000000-0000-4000-a000-000000000004,Clarify Your Career Vision,Without a clear destination all roads lead nowhere. Your fate line points to a distinct professional calling but you need to articulate it before you can move toward it.,Write a one-paragraph description of your ideal career three years from now. Identify the three biggest gaps between your current role and that vision.,1
n0000000-0000-4000-a000-000000000011,a0000000-0000-4000-a000-000000000004,Develop Your Core Strengths,Your greatest professional advantage comes from doubling down on what you do better than anyone else. Your Mercury mount reveals your most commercially valuable talents.,Ask three trusted colleagues to name your top three professional strengths. Find one concrete way to apply each strength in your current role this week.,2
n0000000-0000-4000-a000-000000000012,a0000000-0000-4000-a000-000000000004,Take Strategic Action,Clarity without action is just dreaming. Your head line shows strong execution capacity. What is missing is the first deliberate step in the right direction.,Identify the one high-impact project you have been delaying. Break it into three concrete tasks and schedule the first one on your calendar today.,3
n0000000-0000-4000-a000-000000000013,a0000000-0000-4000-a000-000000000005,Assess Your Energy Levels,You cannot manage what you cannot measure. Your life line reveals natural energy rhythms. Learning to work with them is the first step to sustained vitality.,Track your energy levels every two hours for three consecutive days. Identify your peak energy window and the one habit that most consistently drains you.,1
n0000000-0000-4000-a000-000000000014,a0000000-0000-4000-a000-000000000005,Establish Healthy Routines,How you begin each day sets the tone for everything that follows. Your health line shows a strong capacity for regeneration that needs to be activated through consistent practices.,Design a morning routine of no more than 30 minutes that includes physical movement. Commit to it every day this week and note how it affects your energy.,2
n0000000-0000-4000-a000-000000000015,a0000000-0000-4000-a000-000000000005,Strengthen Your Resilience,Vitality includes emotional and mental bounce-back capacity. Your palm indicates a deep reservoir of resilience that can be consciously developed.,Practise a 5-minute breathing exercise each morning for one week. Write down one challenging situation from the past week and the specific strength it revealed in you.,3
n0000000-0000-4000-a000-000000000016,a0000000-0000-4000-a000-000000000006,Reconnect With Your Purpose,Modern life easily disconnects us from the deeper why behind our choices. Your life line reveals a strong sense of personal direction waiting to be claimed.,Answer in writing: What would I do if I knew I could not fail? Then list three activities that make you lose track of time and leave you fully alive.,1
n0000000-0000-4000-a000-000000000017,a0000000-0000-4000-a000-000000000006,Remove Limiting Beliefs,The lines of your palm reflect your potential but limiting beliefs stop you from accessing it. Your head line shows the intellectual capacity to reframe any story that no longer serves you.,Write down three beliefs that hold you back. Rewrite each as an empowering affirmation that reflects who you are becoming and say it aloud each morning.,2
n0000000-0000-4000-a000-000000000018,a0000000-0000-4000-a000-000000000006,Step Into Your Potential,Purpose without action remains a fantasy. Your fate line shows that forward movement however small creates momentum that builds on itself over time.,Choose one action your future self would take and do it today. Share your growth intention with one trusted person to create accountability.,3
n0000000-0000-4000-a000-000000000019,a0000000-0000-4000-a000-000000000007,Reflect on Your Life Story,Your destiny is not separate from your history. It is built from it. The depth of your life line reveals that your most formative experiences carry the seeds of your greatest contribution.,Write a timeline of your five most defining life moments and what each one taught you. Identify one recurring theme or gift that runs through all of them.,1
n0000000-0000-4000-a000-000000000020,a0000000-0000-4000-a000-000000000007,Align Actions With Values,When your daily actions contradict your deepest values you experience friction and dissatisfaction. Your Apollo line shows you have a clear sense of what truly matters to you.,List your top five personal values in order of importance. Evaluate how well your current daily actions reflect each value and identify the one gap you will close this week.,2
n0000000-0000-4000-a000-000000000021,a0000000-0000-4000-a000-000000000007,Embrace Your Unique Path,Your destiny is not someone else's version of success. It is the unique expression of your specific gifts in the world. Your palm has its own fingerprint and so does your calling.,Write a personal mission statement in one sentence. Make one decision today guided entirely by this statement.,3
n0000000-0000-4000-a000-000000000022,a0000000-0000-4000-a000-000000000008,Map Your Business Vision,Successful businesses are built on a clear compelling vision. Your Mercury mount reveals strong entrepreneurial instincts. Give them a specific target to organise around.,Write a one-paragraph description of your business three years from now. Identify your top three ideal customers and what they value most about what you offer.,1
n0000000-0000-4000-a000-000000000023,a0000000-0000-4000-a000-000000000008,Identify Opportunities,Every thriving business finds and fills a gap. Your head line shows strong analytical ability. Use it to scan your market with fresh eyes and identify what others are missing.,List three market gaps you are positioned to address. Research your top three competitors and note one significant thing each is not doing that you could do better.,2
n0000000-0000-4000-a000-000000000024,a0000000-0000-4000-a000-000000000008,Build Your Network,Business grows at the speed of relationships. Your Apollo line indicates natural charisma and the ability to build meaningful professional bonds that open doors.,Identify five people who could positively impact your business and reach out to one of them today with a genuine offer of value.,3
n0000000-0000-4000-a000-000000000025,a0000000-0000-4000-a000-000000000009,Discover Your Leadership Style,Authentic leadership starts with self-awareness. Your cross-palm reading reveals specific leadership traits encoded in both hands — strengths to amplify and blind spots to address.,Take one free online leadership assessment and note your top three strengths. Ask two team members how your leadership has positively impacted them recently.,1
n0000000-0000-4000-a000-000000000026,a0000000-0000-4000-a000-000000000009,Cultivate Influence,True influence is earned through genuine investment in the people you lead. Your Mercury mount reveals a talent for human connection that creates loyal high-performing teams.,Identify one team member who is underperforming and schedule a coaching conversation. Give specific positive feedback to one person on your team each day this week.,2
n0000000-0000-4000-a000-000000000027,a0000000-0000-4000-a000-000000000009,Lead With Purpose,The most enduring leaders are driven by a purpose larger than themselves. Your fate line indicates that when you lead from conviction others naturally follow.,Write your personal leadership philosophy in three sentences. Share it with your team and invite honest feedback.,3
n0000000-0000-4000-a000-000000000028,a0000000-0000-4000-a000-000000000010,Understand Your Body's Signals,Your body communicates constantly. Your life line and health line reveal specific areas where your body is asking for more attention right now.,Keep a body awareness journal for one week noting sleep quality energy digestion and mood. Identify the one lifestyle factor most correlated with your low-energy days.,1
n0000000-0000-4000-a000-000000000029,a0000000-0000-4000-a000-000000000010,Optimise Your Daily Habits,Longevity is built one daily choice at a time. Your Saturn mount reveals a natural capacity for discipline that applied to your health can compound into decades of extra vitality.,Log everything you eat for three days without judgement. Replace one processed food or energy-depleting habit with a nourishing alternative for the next 30 days.,2
n0000000-0000-4000-a000-000000000030,a0000000-0000-4000-a000-000000000010,Build Long-Term Wellness,Sustainable health is not a solo project. It thrives through community accountability and the integration of physical mental social and spiritual well-being.,Schedule four wellness activities this month: one physical one mental one social and one spiritual. Find an accountability partner and agree to check in weekly.,3
